{
    "header": {
        "stamp": {
            "sec": 0,
            "nanosec": 0
        },
        "frame_id": "lidar"
    },
    "child_frame_id": "camera0/camera_link",
    "transform": {
        "translation": {
            "x": -0.00206296204574997,
            "y": 0.10048419659212102,
            "z": 0.009514701321417287
        },
        "rotation": {
            "x": -0.0006404256533586654,
            "y": -0.0012702463800748909,
            "z": -0.006308252321866474,
            "w": 0.9999790909222855
        }
    },
    "roll": -0.0012648029005906346,
    "pitch": -0.002548522332778912,
    "yaw": -0.012614989397988684
}